Contact_name,ph_no,Address,Latitude,Longitude,Zone,Speciality,Locality,Contact_id,Segment,Contact_email,customer_id_x,referrals_count,visit_count,current_status,customer_id_y,days_since_last_visit,customer_id,visit_count_last_90,rule_score,catboost_score,priority_score
Kunj Hospital,+91 79 2743 2211,"Near Sola Housing, Naranpura, Ahmedabad, Gujarat 380013",23.0544,72.5478,WEST,Gynecology,Naranpura,CONT_AHD_072,Silent Referrer,,,0,0,Unaware,,365.0,,0.0,14,13.977615585958244,13.988807792979122
Lifeline Multispeciality Hospital,+91 95599 24365,"Shayona Tilak, Near Vandematram Arcade Behind Vishwakarma Temple, New S G Road, Chandlodia Rd, Gota, Ahmedabad, Gujarat 382481",23.09879,72.54812,WEST,Multi-Specialty,Gota,CONT_AHD_003,Silent Referrer,,,0,0,Unaware,,365.0,,0.0,14,13.928565223886274,13.964282611943137
Shraddha Hospital,+91 98250 99887,"1st Floor, Gayatri Complex, Nava Vadaj, Vadaj, Ahmedabad, Gujarat 380013",23.0689,72.5654,WEST,General Medicine,Vadaj,CONT_AHD_058,Silent Referrer,,,0,0,Unaware,,365.0,,0.0,14,13.91411081298875,13.957055406494375
Span ICU and Multispeciality Hospital,+91 94284 11428,"607-612, Shlok Infinity, opp. Vishwakarma Temple, Tower, Chandlodiya, Ahmedabad, Gujarat 382481",23.0867,72.54276,WEST,Multi-Specialty,Chandlodiya,CONT_AHD_022,Silent Referrer,,,0,0,Unaware,,365.0,,0.0,14,13.913382689298532,13.956691344649265
Ankur Institute of Child Health,+91 79 2749 1100,"Near Ankur Cross Road, Naranpura, Ahmedabad, Gujarat 380013",23.05123,72.55145,WEST,Pediatrics,Naranpura,CONT_AHD_055,Peripheral Supporter,ankurinstitute@gmail.com,,0,0,Unaware,,365.0,,0.0,14,13.890488294365413,13.945244147182706
Jay Ambe Clinic,+91 98765 43210,"Near Ognaj Circle, S.P. Ring Road, Ognaj, Ahmedabad, Gujarat 380060",23.1168,72.5189,WEST,General Medicine,Ognaj,CONT_AHD_049,Silent Referrer,,,0,0,Unaware,,365.0,,0.0,14,13.839294721533484,13.919647360766742
Aavishkar Hospital,+91 98240 11223,"Above Girish Cold Drinks, Commerce Six Road, Ahmedabad, Gujarat 380009",23.0391,72.5623,WEST,Orthopedics,Commerce Six Road,CONT_AHD_064,Peripheral Supporter,,,0,0,Unaware,,365.0,,0.0,14,13.796754164351917,13.898377082175958
HCG Cancer Centre,+91 79 4041 0101,"Science City Road, Off, Sarkhej - Gandhinagar Hwy, Sola, Ahmedabad, Gujarat 380060",23.0738,72.5183,WEST,Oncology,Science City,CONT_AHD_042,Key Influencer,info.ahmedabad@hcgel.com,,0,0,Unaware,,365.0,,0.0,12,12.106746051143896,12.053373025571947
Arham Surgical Hospital,+91 79 2640 1122,"2nd Floor, Zodiac Plaza, Near St. Xavier's Ladies Hostel, Commerce Six Road, Ahmedabad, Gujarat 380009",23.0399,72.5615,WEST,Surgery,Commerce Six Road,CONT_AHD_080,Growth Catalyst,,,0,0,Unaware,,365.0,,0.0,12,12.082605065013874,12.041302532506936
Sanjivani Super Speciality,+91 79 2676 1111,"Nr Sunrise Park, Vastrapur, Ahmedabad",23.04,72.53,WEST,Multi-Specialty,Vastrapur,CONT_AHD_REAL_261,Growth Catalyst,,,0,0,Unaware,,365.0,,0.0,12,12.07163475262268,12.03581737631134
Tapan Hospital,+91 79 2749 6677,"101, 1st Floor, Ankur Shopping Centre, Naranpura Cross Road, Naranpura, Ahmedabad, Gujarat 380013",23.05234,72.55312,WEST,Multi-Specialty,Naranpura,CONT_AHD_053,Key Influencer,info@tapanhospital.com,,0,0,Unaware,,365.0,,0.0,12,12.07095607640395,12.035478038201976
Aarna Super Speciality Hospital,+91 99099 11223,"4th Floor, Titan Square, Thaltej-Silaj Road (Serving Vadaj Area Referral), Vadaj, Ahmedabad, Gujarat 380013",23.0589,72.5601,WEST,Multi-Specialty,Vadaj,CONT_AHD_075,Growth Catalyst,info@aarnahospital.com,,0,0,Unaware,,365.0,,0.0,12,12.058008615566024,12.029004307783012
Bansal Hospital,+91 79 2764 1122,"A/10, Chandralok Society, Near Bhimjipura Cross Road, New Vadaj, Vadaj, Ahmedabad, Gujarat 380013",23.0656,72.5645,WEST,Multi-Specialty,Vadaj,CONT_AHD_073,Growth Catalyst,bansalhospital@yahoo.com,,0,0,Unaware,,365.0,,0.0,12,12.053503487049353,12.026751743524677
SVP Hospital,+91 79 2657 7656,"Ellisbridge, Ahmedabad",23.025,72.57,WEST,Government,Ellisbridge,CONT_AHD_REAL_271,Growth Catalyst,,,0,0,Unaware,,365.0,,0.0,12,12.047385113563136,12.023692556781569
Kesar Hospital,+91 79 2766 0055,"2nd Floor, Amrapali Axiom, Near Vakil Saheb Bridge, S.P. Ring Road, Ghatlodiya, Ahmedabad, Gujarat 380061",23.0645,72.5368,WEST,Gynecology,Ghatlodiya,CONT_AHD_039,Growth Catalyst,,,0,0,Unaware,,365.0,,0.0,12,12.045596257924334,12.022798128962167
Netralaya - The Eye Associates,+91 79 2644 6600,"A/1, 1st Floor, Parimal Garden to Commerce Six Road, Commerce Six Road, Ahmedabad, Gujarat 380009",23.0398,72.5612,WEST,Ophthalmology,Commerce Six Road,CONT_AHD_062,Key Influencer,info@netralaya.com,,0,0,Unaware,,365.0,,0.0,12,12.041185537045477,12.02059276852274
Global Hospital,+91 79 2766 2200,"1st Floor, Rudra Plaza, Gota Cross Road, S.G. Highway, Gota, Ahmedabad, Gujarat 382481",23.10412,72.54098,WEST,Multi-Specialty,Gota,CONT_AHD_038,Key Influencer,info@globalhospital.com,,0,0,Unaware,,365.0,,0.0,12,12.038885442963482,12.019442721481742
Vedant Multispeciality Hospital,+91 99748 65793,"2nd Floor Jaguar Showroom Road, Shree Vishnudhara Gardens, Vedant Hospital Rd, Gota, Ahmedabad, Gujarat 382470",23.10671,72.54258,WEST,Orthopedics,Gota,CONT_AHD_002,Key Influencer,,,0,0,Unaware,,365.0,,0.0,12,12.038332590757076,12.019166295378538
OHM Multispeciality Hospital,+91 91733 84224,"18-19, Ghatlodia Rd, Karmachari Nagar Part-1, Ghatlodiya, Ahmedabad, Gujarat 380061",23.06583,72.53915,WEST,Multi-Specialty,Ghatlodiya,CONT_AHD_007,Growth Catalyst,,,0,0,Unaware,,365.0,,0.0,12,12.038260882042106,12.019130441021053
Murlidhar Hospital,+91 79 2752 3344,"Near Railway Crossing, Ranip, Ahmedabad, Gujarat 382480",23.0785,72.5723,WEST,Multi-Specialty,Ranip,CONT_AHD_059,Growth Catalyst,,,0,0,Unaware,,365.0,,0.0,12,12.037135570230678,12.018567785115339
Bodyline Hospitals,+91 79 2656 0000,"2nd Floor, Vikas Centre, C.G. Road, Navrangpura, Ahmedabad, Gujarat 380009",23.03482,72.56011,WEST,Multi-Specialty,Navrangpura,CONT_AHD_051,Growth Catalyst,bodylinehospital@gmail.com,,0,0,Unaware,,365.0,,0.0,12,12.036686186236357,12.01834309311818
Epic Hospital,+91 79 6815 5000,"Science City Road, Sola, Ahmedabad",23.075,72.525,WEST,Multi-Specialty,Sola,CONT_AHD_REAL_269,Growth Catalyst,,,0,0,Unaware,,365.0,,0.0,12,12.023840615476878,12.011920307738439
Sterling Hospital,+91 79 4001 1111,"Gurukul Road, Memnagar, Ahmedabad",23.05,72.52,WEST,Multi-Specialty,Memnagar,CONT_AHD_REAL_262,Growth Catalyst,,,0,0,Unaware,,365.0,,0.0,12,12.022170073733715,12.011085036866858
Satyamev Hospital,+91 79 2755 6677,"Near Chandlodiya Bridge, Chandlodiya, Ahmedabad, Gujarat 382481",23.0812,72.5498,WEST,Multi-Specialty,Chandlodiya,CONT_AHD_047,Growth Catalyst,info@satyamevhospital.com,,0,0,Unaware,,365.0,,0.0,12,12.000428164508325,12.000214082254162
Arihant Hospital,+91 79 2760 5620,"Nar Ghanshyam Complex, Ghansyam Nagar Part 2, Gayatri Nagar, Chandlodiya, Ahmedabad, Gujarat 382481",23.08005,72.55206,WEST,Multi-Specialty,Chandlodiya,CONT_AHD_021,Growth Catalyst,,,0,0,Unaware,,365.0,,0.0,12,11.998126133170205,11.999063066585101
Mediheal Hospital,+91 75673 61000,"206-207 Anushri Accolade 2, Above Flavour Restaurant, Besides Connplex Opps, Fortune Hub, Science City Rd, near Shell Petrol Pump, Hebatpur, Ahmedabad, Gujarat 380060",23.07969,72.50165,WEST,Multi-Specialty,Science City,CONT_AHD_015,Growth Catalyst,,,0,0,Unaware,,365.0,,0.0,12,11.982431385039995,11.991215692519997
Lifeline Hospital Ranip,+91 99090 12345,"New Ranip Road, Ranip, Ahmedabad, Gujarat 382480",23.0856,72.5689,WEST,Multi-Specialty,Ranip,CONT_AHD_060,Key Influencer,,,0,0,Unaware,,365.0,,0.0,12,11.952791671597115,11.976395835798558
Mamta Hospital,+91 2717 233 333,"Aarohi Arcade, Bopal, Ahmedabad",23.032,72.462,WEST,General,Bopal,CONT_AHD_REAL_266,Growth Catalyst,,,0,0,Unaware,,365.0,,0.0,12,11.935199861474366,11.967599930737183
Shivam Hospital,+91 97240 56789,"Opp. Gayatri Mandir, Ranip, Ahmedabad, Gujarat 382480",23.0792,72.5745,WEST,General Medicine,Ranip,CONT_AHD_061,Peripheral Supporter,,CONT_AHD_061,0,9,Unaware,CONT_AHD_061,263.0,,0.0,11,10.968527172292534,10.984263586146266
Aryav Super Speciality Hospital,+91 85114 51161,"Aryav, Super Speciality Hospital, Science City Rd, opp. Lincoln House, Sola, Ahmedabad, Gujarat 380060",23.07549,72.51322,WEST,Orthopedics,Science City,CONT_AHD_014,Peripheral Supporter,,CONT_AHD_014,1,34,Exploring,CONT_AHD_014,141.0,,0.0,9,9.040761724087778,9.02038086204389
Urban Health Center Chandlodiya,,"Urban helth center, Gayatri Nagar, Chandlodiya, Ahmedabad, Gujarat 382481",23.08505,72.55166,WEST,Primary Care,Chandlodiya,CONT_AHD_035,Peripheral Supporter,,CONT_AHD_035,2,24,Exploring,CONT_AHD_035,110.0,,0.0,9,8.989892197783877,8.994946098891939
Hetvi Hospital,+91 98980 12345,"202, 2nd Floor, Trinity Complex, Science City Road, Sola, Ahmedabad, Gujarat 380060",23.0782,72.5095,WEST,Pediatrics,Science City,CONT_AHD_044,Peripheral Supporter,,CONT_AHD_044,1,21,Exploring,CONT_AHD_044,80.0,CONT_AHD_044,1.0,9,8.459084477312665,8.729542238656332
Samta Clinic,,"Chandlodia, Silver Star, Gota Road, 3GMW+5MH, Silverstar Cross Rd, Chandlodiya, Ahmedabad, Gujarat 382481",23.08295,72.54673,WEST,General Medicine,Chandlodiya,CONT_AHD_033,Peripheral Supporter,,CONT_AHD_033,0,26,Unaware,CONT_AHD_033,49.0,CONT_AHD_033,2.0,7,7.164087317925945,7.082043658962973
Ashirvad Hospital,+91 88664 29795,"B 302, 3rd Floor, Shaligram Lakeview Commercial Nr, Vaishnodevi Cir, Ahmedabad, Gujarat 382501",23.13584,72.54998,WEST,Multi-Specialty,Vaishnodevi,CONT_AHD_018,Silent Referrer,,CONT_AHD_018,0,18,Unaware,CONT_AHD_018,49.0,CONT_AHD_018,7.0,7,7.161297263170502,7.080648631585251
Atulya Superspeciality Hospital,+91 97275 79000,"2nd Floor, Elite Magnum, Bhuyangdev Cross Rd, Vardhmannagar Society, Ghatlodiya, Parul Nagar Society, Ahmedabad, Gujarat 380061",23.05889,72.53824,WEST,Multi-Specialty,Ghatlodiya,CONT_AHD_009,Silent Referrer,,CONT_AHD_009,0,14,Unaware,CONT_AHD_009,19.0,CONT_AHD_009,2.0,7,7.15477897716647,7.0773894885832345
Divya Children Hospital,+91 98250 88990,"1st Floor, Rudra Complex, Naranpura Cross Road, Naranpura, Ahmedabad, Gujarat 380013",23.0521,72.5534,WEST,Pediatrics,Naranpura,CONT_AHD_070,Silent Referrer,,CONT_AHD_070,0,11,Unaware,CONT_AHD_070,19.0,CONT_AHD_070,2.0,7,7.053427776335139,7.02671388816757
Samarth Hospital,+91 99250 25250,"301, 3rd Floor, Shivalik Plaza, IIM Road, Near Panjrapole, Ghatlodiya, Ahmedabad, Gujarat 380061",23.06788,72.53812,WEST,Orthopedics,Ghatlodiya,CONT_AHD_040,Peripheral Supporter,,CONT_AHD_040,0,4,Unaware,CONT_AHD_040,19.0,CONT_AHD_040,3.0,7,7.038960078446639,7.019480039223319
Krisha Hospital,+91 75677 63301,"B-201, 2nd Floor, Shaligram Lakeview, Nr Vaishnodevi Circle, S.P. Ring Road, Highway, Service Rd, Vaishnodevi, Zundal, Ahmedabad, Gujarat 382501",23.13587,72.54998,WEST,Multi-Specialty,Vaishnodevi,CONT_AHD_020,Peripheral Supporter,,CONT_AHD_020,0,8,Unaware,CONT_AHD_020,19.0,CONT_AHD_020,6.0,7,6.951993307145863,6.975996653572931
Ravi Children Hospital,+91 79 2644 1111,"1st Floor, Shivalik Plaza, IIM Road, Near Panjrapole, Navrangpura, Ahmedabad, Gujarat 380009",23.03215,72.55289,WEST,Pediatrics,Navrangpura,CONT_AHD_052,Silent Referrer,,CONT_AHD_052,0,12,Unaware,CONT_AHD_052,19.0,CONT_AHD_052,3.0,7,6.90569151054446,6.9528457552722305
ANANTA MULTISPECIALITY HOSPITAL,+91 88660 83555,"416, 418, 4th Floor, Centre Point, New SG Rd, opp. Vrundavan Heights, Gota, Ahmedabad, Gujarat 382470",23.10121,72.54884,WEST,Multi-Specialty,Gota,CONT_AHD_004,Peripheral Supporter,,CONT_AHD_004,40,37,Champion,CONT_AHD_004,110.0,,0.0,6,5.818087697247725,5.909043848623862
Retina Foundation,+91 79 2644 7788,"Near Shahibaug Underbridge, Aska, Near Commerce Six Road, Ahmedabad, Gujarat 380009",23.0412,72.5634,WEST,Ophthalmology,Commerce Six Road,CONT_AHD_079,Key Influencer,info@retinafoundation.com,CONT_AHD_079,1,2,Exploring,CONT_AHD_079,49.0,CONT_AHD_079,7.0,6,5.783368225780549,5.891684112890275
Bodyline Hospitals,+91 79 2662 2222,"Vikas Gruh Road, Paldi, Ahmedabad",23.012,72.558,WEST,Multi-Specialty,Paldi,CONT_AHD_REAL_259,Growth Catalyst,,CONT_AHD_REAL_259,2,2,Exploring,CONT_AHD_REAL_259,19.0,CONT_AHD_REAL_259,3.0,6,5.722370914737821,5.861185457368911
Aum Hospital,+91 98240 56789,"10, Shreenath Park, Opp. Silver Star Mall, Chandlodiya, Ahmedabad, Gujarat 382481",23.0855,72.5472,WEST,General Medicine,Chandlodiya,CONT_AHD_046,Peripheral Supporter,,CONT_AHD_046,1,4,Exploring,CONT_AHD_046,49.0,CONT_AHD_046,2.0,5,5.129641906575898,5.064820953287949
OM CLINIC,+91 97147 31205,"Gayatri Society Rd, Vasantnagar Twp, Vasant Nagar, Ognaj, Ahmedabad, Gujarat 380060",23.11224,72.52373,WEST,General Medicine,Ognaj,CONT_AHD_027,Silent Referrer,,CONT_AHD_027,1,3,Exploring,CONT_AHD_027,19.0,CONT_AHD_027,3.0,5,5.070293557395415,5.035146778697707
Jagdamba Clinic,+91 94270 40023,"25 Dharti 2, Vishvakarma Mandir Road, Momay Nagar, Gayatri Nagar, Chandlodiya, Ahmedabad, Gujarat 382481",23.08706,72.54831,WEST,General Medicine,Chandlodiya,CONT_AHD_025,Silent Referrer,,CONT_AHD_025,3,10,Exploring,CONT_AHD_025,19.0,CONT_AHD_025,1.0,5,5.032669568540214,5.016334784270107
Marengo CIMS Hospital,+91 79 2771 2771,"Science City Road, Sola, Ahmedabad",23.07,72.52,WEST,Multi-Specialty,Sola,CONT_AHD_REAL_255,Growth Catalyst,,CONT_AHD_REAL_255,0,5,Unaware,CONT_AHD_REAL_255,19.0,CONT_AHD_REAL_255,3.0,5,4.9977734702779735,4.998886735138987
Shalby Hospital SG,+91 79 4020 3000,"SG Highway, Ramdevnagar, Ahmedabad",23.02,72.51,WEST,Orthopedics,Satellite,CONT_AHD_REAL_256,Growth Catalyst,,CONT_AHD_REAL_256,0,15,Unaware,CONT_AHD_REAL_256,49.0,CONT_AHD_REAL_256,2.0,5,4.955470683629787,4.977735341814894
Pratham Clinic,+91 97250 12345,"Shop No 5, Vasant Nagar Township, Ognaj, Ahmedabad, Gujarat 380060",23.1115,72.5221,WEST,General Medicine,Ognaj,CONT_AHD_048,Peripheral Supporter,,CONT_AHD_048,1,25,Exploring,CONT_AHD_048,19.0,CONT_AHD_048,4.0,5,4.9545666460648246,4.977283323032412
Sai Clinic,+91 94264 86223,"6, Kalash Residency, Chandlodia, opp. Silver Star Mall, Shivshakti Nagar, Chandlodiya, Ahmedabad, Gujarat 382481",23.08264,72.54443,WEST,General Medicine,Chandlodiya,CONT_AHD_024,Peripheral Supporter,,CONT_AHD_024,1,19,Exploring,CONT_AHD_024,19.0,CONT_AHD_024,5.0,5,4.934013641795172,4.967006820897586
Akshat Hospital,+91 94280 66778,"202, Shanti Arcade, Opp. Jaymangal BRTS, Vadaj, Ahmedabad, Gujarat 380013",23.0612,72.5589,WEST,Orthopedics,Vadaj,CONT_AHD_074,Peripheral Supporter,,CONT_AHD_074,2,4,Exploring,CONT_AHD_074,19.0,CONT_AHD_074,2.0,5,4.920512959405876,4.960256479702938
Madhuram Hospital,+91 94263 65987,"A/201, Shayona Shikhar, Near Vandematram City, Ghatlodiya, Ahmedabad, Gujarat 380061",23.0721,72.5412,WEST,General Medicine,Ghatlodiya,CONT_AHD_041,Silent Referrer,,CONT_AHD_041,2,18,Exploring,CONT_AHD_041,19.0,CONT_AHD_041,5.0,5,4.850922712790297,4.925461356395148
Hope Hospital,+91 99099 55667,"Near Ankur Bus Stop, Ankur Road, Naranpura, Ahmedabad, Gujarat 380013",23.0505,72.5518,WEST,General Medicine,Naranpura,CONT_AHD_071,Peripheral Supporter,,CONT_AHD_071,36,2,Champion,CONT_AHD_071,19.0,CONT_AHD_071,3.0,5,4.791837328526188,4.895918664263094
Shreeji Clinic,+91 83474 74713,"Shop No-4, Corus Exotica Complex, opp. Bank Of Baroda, Chandlodiya, Ahmedabad, Gujarat 382481",23.08309,72.54358,WEST,General Medicine,Chandlodiya,CONT_AHD_034,Silent Referrer,,CONT_AHD_034,39,1,Champion,CONT_AHD_034,19.0,CONT_AHD_034,11.0,5,4.737142488459812,4.868571244229906
CIMS Hospital (City Center),+91 79 2755 8000,"Near Shreyas Railway Crossing, Next to Aghoma, Navrangpura, Ahmedabad, Gujarat 380009",23.03512,72.5589,WEST,Multi-Specialty,Navrangpura,CONT_AHD_067,Peripheral Supporter,info@cims.org,CONT_AHD_067,3,16,Exploring,CONT_AHD_067,19.0,CONT_AHD_067,11.0,5,4.714722603707164,4.857361301853582
Lions Karnavati Eye Hospital,+91 81605 97186,"4GF3+2RX, Ognaj, Ahmedabad, Gujarat 380060",23.12262,72.50462,WEST,Ophthalmology,Ognaj,CONT_AHD_032,Key Influencer,,CONT_AHD_032,36,5,Champion,CONT_AHD_032,233.0,,0.0,4,4.125916687810307,4.062958343905153
Life Care Hospital,+91 2717 232 323,"Nr Kabir Enclave, Bopal, Ahmedabad",23.03,72.46,WEST,Multi-Specialty,Bopal,CONT_AHD_REAL_265,Growth Catalyst,,CONT_AHD_REAL_265,24,36,Champion,CONT_AHD_REAL_265,141.0,,0.0,4,4.109686529890887,4.054843264945443
Vijay Shalby Hospital,+91 79 2790 0451,"Opp. H.L. Commerce College, Vijay Cross Road, Navrangpura, Ahmedabad, Gujarat 380009",23.03956,72.55432,WEST,Orthopedics,Navrangpura,CONT_AHD_065,Key Influencer,info.vijay@shalby.org,CONT_AHD_065,1,9,Exploring,CONT_AHD_065,19.0,CONT_AHD_065,2.0,3,3.126799377198016,3.063399688599008
Sushrusha Hospital,+91 79 2646 2200,"Opp. Sardar Patel Seva Samaj, Navrangpura, Ahmedabad, Gujarat 380009",23.03651,72.56324,WEST,Multi-Specialty,Navrangpura,CONT_AHD_050,Key Influencer,info@sushrusha.com,CONT_AHD_050,3,18,Exploring,CONT_AHD_050,19.0,CONT_AHD_050,2.0,3,3.0768107640873947,3.038405382043697
KD Hospital,+91 79 6677 0000,"Vaishnodevi Circle, Sarkhej - Gandhinagar Hwy, Ahmedabad, Gujarat 382501",23.13557,72.54177,WEST,Multi-Specialty,Vaishnodevi,CONT_AHD_016,Key Influencer,,CONT_AHD_016,2,18,Exploring,CONT_AHD_016,19.0,CONT_AHD_016,5.0,3,3.0557178779284375,3.0278589389642185
Parekhs Hospital,+91 79 2644 5566,"Shyamal Row House, Near Shyamal Cross Road, Satellite (Branch in Navrangpura near CG Rd), Navrangpura, Ahmedabad, Gujarat 380009",23.03345,72.55988,WEST,Multi-Specialty,Navrangpura,CONT_AHD_068,Key Influencer,parekhshospital@gmail.com,CONT_AHD_068,3,24,Exploring,CONT_AHD_068,19.0,CONT_AHD_068,6.0,3,3.041510675018462,3.020755337509231
Jyoti Hospital,+91 99091 66657,"B-4, 7, 1st Floor, Galaxy Signature, 1, Science City Rd, Opposite Sukan Bunglows, Sola, Ahmedabad, Gujarat 380060",23.07727,72.50688,WEST,Multi-Specialty,Science City,CONT_AHD_012,Growth Catalyst,,CONT_AHD_012,1,9,Exploring,CONT_AHD_012,49.0,CONT_AHD_012,3.0,3,3.0355861990243094,3.0177930995121547
Madhav Clinic Ognaj,+91 93137 87049,"Ognaj, Ahmedabad, Gujarat 380060",23.1154,72.51516,WEST,General Medicine,Ognaj,CONT_AHD_026,Growth Catalyst,,CONT_AHD_026,3,24,Exploring,CONT_AHD_026,19.0,CONT_AHD_026,12.0,3,3.0287479235224337,3.014373961761217
Agrawal Multispeciality Hospital,+91 99099 22266,"1st Floor, Shayona Arcade, Opp. Shayona City, Ghatlodia - Gota Rd, Gota, Ahmedabad, Gujarat 382481",23.09033,72.54512,WEST,Multi-Specialty,Gota,CONT_AHD_036,Growth Catalyst,agrawalhospital@gmail.com,CONT_AHD_036,2,4,Exploring,CONT_AHD_036,19.0,CONT_AHD_036,9.0,3,3.0286581405761974,3.014329070288099
Apollo Hospitals City Centre,+91 79 2665 1234,"Nr Parimal Crossing, Paldi, Ahmedabad",23.01,72.56,WEST,Multi-Specialty,Paldi,CONT_AHD_REAL_258,Growth Catalyst,,CONT_AHD_REAL_258,29,1,Champion,CONT_AHD_REAL_258,19.0,CONT_AHD_REAL_258,10.0,3,3.025147482186072,3.012573741093036
Shailya Hospital,+91 99099 77888,"4th Floor, Magnifico, Opp. Sukan Mall, Science City Road, Sola, Ahmedabad, Gujarat 380060",23.0765,72.5121,WEST,Multi-Specialty,Science City,CONT_AHD_043,Growth Catalyst,info@shailyahospital.com,CONT_AHD_043,2,38,Exploring,CONT_AHD_043,19.0,CONT_AHD_043,3.0,3,3.0132634077541787,3.0066317038770896
Adwait Multispeciality Hospital,+91 81402 34111,"Bhavya Complex, Bopal, Ahmedabad",23.035,72.465,WEST,Multi-Specialty,Bopal,CONT_AHD_REAL_267,Growth Catalyst,,CONT_AHD_REAL_267,1,28,Exploring,CONT_AHD_REAL_267,49.0,CONT_AHD_REAL_267,5.0,3,3.0103729309753797,3.00518646548769
Kapan Hospital,+91 79 2752 4455,"Near GST Crossing, New Ranip, Ranip, Ahmedabad, Gujarat 382480",23.0889,72.5712,WEST,Surgery,Ranip,CONT_AHD_076,Key Influencer,,CONT_AHD_076,1,11,Exploring,CONT_AHD_076,19.0,CONT_AHD_076,7.0,3,2.9851671451429946,2.9925835725714975
SGVP Holistic Hospital,+91 95122 00122,"SGVP Campus, Sarkhej - Gandhinagar Hwy, Ahmedabad, Gujarat 382481",23.13251,72.53989,WEST,Multi-Specialty,Vaishnodevi,CONT_AHD_017,Growth Catalyst,,CONT_AHD_017,2,31,Exploring,CONT_AHD_017,19.0,CONT_AHD_017,3.0,3,2.9597989510943767,2.9798994755471884
HCG Hospital,+91 79 4041 0101,"Mithakhali Six Road, Ellisbridge, Ahmedabad",23.03,72.56,WEST,Oncology,Ellisbridge,CONT_AHD_REAL_254,Growth Catalyst,,CONT_AHD_REAL_254,3,7,Exploring,CONT_AHD_REAL_254,19.0,CONT_AHD_REAL_254,6.0,3,2.9594995259466366,2.9797497629733183
Swarg Community Care,+91 70160 00760,"Plot 119, Lane 12, Greenwood phase 1, Garden City Road, Sardar Patel Ring Rd, opposite Shakti Hotel, near Vaishnav Devi Circle, Ognaj, Ahmedabad, Lilapur, Gujarat 380060",23.13985,72.52455,WEST,Nursing Home,Ognaj,CONT_AHD_031,Growth Catalyst,,CONT_AHD_031,1,12,Exploring,CONT_AHD_031,49.0,CONT_AHD_031,3.0,3,2.947791145367119,2.9738955726835594
Zydus Hospital,+91 79 6619 0000,"Thaltej Hebatpur Road, Ahmedabad",23.06,72.51,WEST,Multi-Specialty,Thaltej,CONT_AHD_REAL_263,Growth Catalyst,,CONT_AHD_REAL_263,30,1,Champion,CONT_AHD_REAL_263,49.0,CONT_AHD_REAL_263,1.0,3,2.9430894391060787,2.971544719553039
Devarshi Super Speciality Hospital,+91 79 2749 5544,"3rd Floor, Shukan Mall, Near CIMS, Naranpura, Ahmedabad, Gujarat 380013",23.0567,72.5492,WEST,Multi-Specialty,Naranpura,CONT_AHD_069,Growth Catalyst,info@devarshihospital.com,CONT_AHD_069,3,16,Exploring,CONT_AHD_069,19.0,CONT_AHD_069,3.0,3,2.9339081072925355,2.9669540536462677
Civil Hospital Sola,+91 79 2766 1111,"Sola, SG Highway, Ahmedabad",23.08,72.52,WEST,Government,Sola,CONT_AHD_REAL_270,Growth Catalyst,,CONT_AHD_REAL_270,1,18,Exploring,CONT_AHD_REAL_270,19.0,CONT_AHD_REAL_270,5.0,3,2.888669244102609,2.9443346220513043
Ratan Hospital,+91 79 2640 4040,"Ashirwad Complex, Near Swastik Cross Road, C.G. Road, Navrangpura, Ahmedabad, Gujarat 380009",23.03688,72.56122,WEST,Gynecology,Navrangpura,CONT_AHD_066,Growth Catalyst,ratanhospital@gmail.com,CONT_AHD_066,2,13,Exploring,CONT_AHD_066,19.0,CONT_AHD_066,11.0,3,2.8382148292912146,2.919107414645607
KD Hospital,+91 79 6677 0000,"Vaishno Devi Circle, SG Highway, Ahmedabad",23.1,72.53,WEST,Multi-Specialty,SG Highway,CONT_AHD_REAL_264,Growth Catalyst,,CONT_AHD_REAL_264,27,2,Champion,CONT_AHD_REAL_264,19.0,CONT_AHD_REAL_264,5.0,3,2.7770357607482943,2.888517880374147
Samarpan Hospital,+91 98240 33445,"Opp. Radhe Kishan Row House, Ranip, Ahmedabad, Gujarat 382480",23.0823,72.5734,WEST,Multi-Specialty,Ranip,CONT_AHD_077,Silent Referrer,,CONT_AHD_077,35,25,Champion,CONT_AHD_077,19.0,CONT_AHD_077,13.0,2,2.103750444863225,2.0518752224316126
City Plus Hospital,+91 70462 47247,"Nr. Sola Overbidge, Science City Rd, Sola, Ahmedabad, Gujarat 380060",23.07081,72.52149,WEST,Multi-Specialty,Science City,CONT_AHD_013,Silent Referrer,,CONT_AHD_013,16,4,Champion,CONT_AHD_013,49.0,CONT_AHD_013,2.0,2,2.1035906938809323,2.051795346940466
Sunrise Hospital Gota,+91 63596 35991,"Shayona Tilak, Near Vandematram Arcade Behind Vishwakarma Temple New S G Road, Chandlodiya Rd, Gota, Ahmedabad, Gujarat 382481",23.09917,72.54823,WEST,Multi-Specialty,Gota,CONT_AHD_005,Silent Referrer,,CONT_AHD_005,39,18,Champion,CONT_AHD_005,19.0,CONT_AHD_005,3.0,2,2.0544551002486164,2.027227550124308
Urban Primary Health Centre Ognaj,,"Ognaj - Gota Rd, Vasant Nagar, Ognaj, Ahmedabad, Gujarat 380060",23.11259,72.51556,WEST,Primary Care,Ognaj,CONT_AHD_029,Peripheral Supporter,,CONT_AHD_029,36,47,Champion,CONT_AHD_029,19.0,CONT_AHD_029,4.0,2,2.054439844580449,2.0272199222902243
Sukan Hospital,+91 98250 35748,"201, 2nd Floor, Shayona Plaza, Near Shayona City, Gota, Ahmedabad, Gujarat 382481",23.09345,72.54688,WEST,General Medicine,Gota,CONT_AHD_037,Silent Referrer,,CONT_AHD_037,29,26,Champion,CONT_AHD_037,49.0,CONT_AHD_037,6.0,2,2.011385551988337,2.0056927759941683
Aagam Nursing Home Care,+91 70463 21724,"chamunda apt, 14/160, Ognaj - Gota Rd, nr. vasant nagar township, G.H, Ognaj, Ahmedabad, Gujarat 380060",23.10997,72.52037,WEST,Nursing Home,Ognaj,CONT_AHD_030,Silent Referrer,,CONT_AHD_030,15,7,Champion,CONT_AHD_030,19.0,CONT_AHD_030,3.0,2,2.0074469927774423,2.003723496388721
Samata Multi-speciality Hospital,+91 74050 01575,"2nd Floor, Silver Star Complex Gota, Chandlodiya Rd, Chandlodiya, Ahmedabad, Gujarat 382481",23.08279,72.54683,WEST,Multi-Specialty,Chandlodiya,CONT_AHD_023,Peripheral Supporter,,CONT_AHD_023,19,34,Champion,CONT_AHD_023,19.0,CONT_AHD_023,5.0,2,1.9959336995925452,1.9979668497962726
Shreeji Hospital Ranip,+91 97250 88776,"1st Floor, Balaji Complex, Nirnaynagar, Ranip, Ahmedabad, Gujarat 382480",23.0765,72.5698,WEST,General Medicine,Ranip,CONT_AHD_078,Peripheral Supporter,,CONT_AHD_078,18,5,Champion,CONT_AHD_078,19.0,CONT_AHD_078,8.0,2,1.9651423401072172,1.9825711700536086
Param Multispeciality,+91 96875 17182,"Jayshakti Society, 5-6, Janta Nagar Rd, Ghatlodiya, Ahmedabad, Gujarat 380061",23.06853,72.53657,WEST,Multi-Specialty,Ghatlodiya,CONT_AHD_008,Peripheral Supporter,,CONT_AHD_008,22,6,Champion,CONT_AHD_008,49.0,CONT_AHD_008,3.0,2,1.9361079763251388,1.9680539881625694
Pujan Hospital,+91 79 2760 1234,"1st Floor, Shayona Arcade, Chandlodiya Road, Chandlodiya, Ahmedabad, Gujarat 382481",23.084,72.5455,WEST,Gynecology,Chandlodiya,CONT_AHD_045,Silent Referrer,,CONT_AHD_045,17,10,Champion,CONT_AHD_045,49.0,CONT_AHD_045,3.0,2,1.884059018918001,1.9420295094590005
Amulakh Hospital,+91 79 2644 2233,"Near Commerce Six Road, Navrangpura, Ahmedabad, Gujarat 380009",23.0385,72.5608,WEST,General Medicine,Commerce Six Road,CONT_AHD_063,Silent Referrer,,CONT_AHD_063,37,5,Champion,CONT_AHD_063,19.0,CONT_AHD_063,5.0,2,1.877719568853518,1.938859784426759
Sanjivani Clinic,+91 95101 96406,"1, Bhagawati Nagar, near Vadvada Chowk, Vasantnagar Twp, Vasant Nagar, Ognaj, Ahmedabad, Gujarat 380060",23.11018,72.52445,WEST,General Medicine,Ognaj,CONT_AHD_028,Peripheral Supporter,,CONT_AHD_028,33,16,Champion,CONT_AHD_028,19.0,CONT_AHD_028,4.0,2,1.8562250414383898,1.928112520719195
Viral Multi Super Speciality Hospital,+91 99788 05500,"Viral Multi-Super Speciality Hospital, Prabhat Chowk, opposite ADC bank, near Nutan English Medium School, Ghatlodiya, Ahmedabad, Gujarat 380061",23.06863,72.5423,WEST,Multi-Specialty,Ghatlodiya,CONT_AHD_006,Key Influencer,,CONT_AHD_006,16,3,Champion,CONT_AHD_006,19.0,CONT_AHD_006,8.0,0,0.3262001394036007,0.16310006970180035
KD Blossom,+91 79 6677 0000,"Vaishnodevi Circle, Sarkhej - Gandhinagar Hwy, Ahmedabad, Gujarat 382501",23.13574,72.5416,WEST,Multi-Specialty,Vaishnodevi,CONT_AHD_019,Key Influencer,,CONT_AHD_019,32,6,Champion,CONT_AHD_019,19.0,CONT_AHD_019,11.0,0,0.13662378022085342,0.06831189011042671
Marengo CIMS Hospital,+91 1800 309 9999,"Off, Science City Rd, Panchamrut Bunglows II, Sola, Ahmedabad, Gujarat 380060",23.07023,72.51691,WEST,Multi-Specialty,Science City,CONT_AHD_011,Key Influencer,,CONT_AHD_011,29,41,Champion,CONT_AHD_011,19.0,CONT_AHD_011,1.0,0,0.1267814237078424,0.0633907118539212
SHIVANTA MULTISPECIALITY HOSPITAL,+91 75674 65000,"2nd floor, Aaryan Eureka, circle, Vandemataram Rd, near vandematram arcade, above La Milano Pizza, Gota, Ahmedabad, Gujarat 382481",23.09677,72.54813,WEST,Multi-Specialty,Gota,CONT_AHD_001,Growth Catalyst,,CONT_AHD_001,27,4,Champion,CONT_AHD_001,49.0,CONT_AHD_001,5.0,0,0.07574391402380076,0.03787195701190038
Stavya Spine Hospital,+91 79 2755 7788,"Near Swaminarayan Museum, Naranpura - Vadaj Road, Vadaj, Ahmedabad, Gujarat 380013",23.0598,72.5592,WEST,Orthopedics,Vadaj,CONT_AHD_057,Growth Catalyst,info@stavya.com,CONT_AHD_057,20,11,Champion,CONT_AHD_057,49.0,CONT_AHD_057,2.0,0,-0.003493148577439875,-0.0017465742887199376
Saraswati Hospital,+91 2717 234 444,"Ambli Bopal Cross Road, Ahmedabad",23.028,72.458,WEST,Multi-Specialty,Bopal,CONT_AHD_REAL_268,Growth Catalyst,,CONT_AHD_REAL_268,23,18,Champion,CONT_AHD_REAL_268,49.0,CONT_AHD_REAL_268,2.0,0,-0.02009383391171138,-0.01004691695585569
Krishna Shalby Hospital,+91 99044 33369,"Ghuma, Via Bopal, Ahmedabad",23.02,72.44,WEST,Multi-Specialty,Ghuma,CONT_AHD_REAL_257,Growth Catalyst,,CONT_AHD_REAL_257,29,10,Champion,CONT_AHD_REAL_257,19.0,CONT_AHD_REAL_257,11.0,0,-0.054845316152843715,-0.027422658076421857
Jivraj Mehta Hospital,+91 79 2663 6363,"Jivraj Park, Lavanya, Ahmedabad",23.005,72.55,WEST,Multi-Specialty,Vasna,CONT_AHD_REAL_260,Growth Catalyst,,CONT_AHD_REAL_260,17,11,Champion,CONT_AHD_REAL_260,19.0,CONT_AHD_REAL_260,8.0,0,-0.07356696153956666,-0.03678348076978333
Samved Hospital,+91 79 2749 2200,"2nd Floor, Shanti Arcade, 132 Feet Ring Road, Naranpura, Ahmedabad, Gujarat 380013",23.05567,72.5489,WEST,Orthopedics,Naranpura,CONT_AHD_054,Growth Catalyst,info@samvedhospital.com,CONT_AHD_054,20,6,Champion,CONT_AHD_054,19.0,CONT_AHD_054,1.0,0,-0.11490216096241213,-0.05745108048120606
Gandhi Lincoln Hospital,+91 79 2755 8899,"Old Vadaj Circle, Ashram Road, Vadaj, Ahmedabad, Gujarat 380013",23.06345,72.56789,WEST,Multi-Specialty,Vadaj,CONT_AHD_056,Key Influencer,info@gandhilincoln.com,CONT_AHD_056,20,6,Champion,CONT_AHD_056,19.0,CONT_AHD_056,5.0,0,-0.12318895629587878,-0.06159447814793939
Phoenix Hospital,+91 90990 00080,"Sarvopalli Mall, Parul Nagar Society, Bhuyangdev Cross Road, Sola Rd, Vardhmannagar Society, Ghatlodiya, Parul Nagar Society, Ahmedabad, Gujarat 380061",23.05878,72.53783,WEST,Multi-Specialty,Ghatlodiya,CONT_AHD_010,Key Influencer,,CONT_AHD_010,27,7,Champion,CONT_AHD_010,19.0,CONT_AHD_010,3.0,0,-0.19540146739704944,-0.09770073369852472
